word,lemma
jai,jaoya
jao,jaoya
jay,jaoya
jan,jaoya
jas,jaoya
jacchi,jaoya
jaccho,jaoya
jacche,jaoya
jacchen,jaoya
jacchis,jaoya
giechi,jaoya
giecho,jaoya
gieche,jaoya
giechen,jaoya
giechis,jaoya
ja,jaoya
gelam,jaoya
gele,jaoya
gelo,jaoya
gelen,jaoya
geli,jaoya
jetam,jaoya
jete,jaoya
jeto,jaoya
jeten,jaoya
jeti,jaoya
jacchilam,jaoya
jacchile,jaoya
jacchilo,jaoya
jacchilen,jaoya
jacchili,jaoya
giechilam,jaoya
giechile,jaoya
giechilo,jaoya
giechilen,jaoya
giechili,jaoya
jabo,jaoya
jabe,jaoya
jaben,jaoya
jabi,jaoya
khai,khaoya
khao,khaoya
khay,khaoya
khan,khaoya
khas,khaoya
khacchi,khaoya
khaccho,khaoya
khacche,khaoya
khacchen,khaoya
khacchis,khaoya
kheyechi,khaoya
kheyecho,khaoya
kheyeche,khaoya
kheyechen,khaoya
kheyechis,khaoya
kha,khaoya
khelam,khaoya
khele,khel
khelo,khaoya
khelen,khel
kheli,khel
khetam,khaoya
khete,khaoya
kheto,khaoya
kheten,khaoya
kheti,khaoya
khawar,khaoya
khacchilam,khaoya
khacchile,khaoya
khacchilo,khaoya
khacchilen,khaoya
khacchili,khaoya
kheyechilam,khaoya
kheyechile,khaoya
kheyechilo,khaoya
kheyechilen,khaoya
kheyechili,khaoya
khabo,khaoya
khabe,khaoya
khaben,khaoya
khabi,khaoya
korben,kor
korechen,kor
korchis,kor
koris,kor
korche,kor
korten,kor
korchilo,kor
korechili,kor
korecho,kor
korchen,kor
korchile,kor
korto,kor
korlen,kor
korechi,kor
korte,kor
koren,kor
kortam,kor
korli,kor
korechilam,kor
kor,kor
korbe,kor
korbo,kor
korlo,kor
koreche,kor
korchi,kor
korle,kor
kori,kor
korchilen,kor
korbi,kor
korechile,kor
korti,kor
korechilo,kor
korlam,kor
korchili,kor
korcho,kor
korechilen,kor
kore,kor
korchilam,kor
koracchilam,kor
korale,kor
korali,kor
koriyechili,kor
koraccho,kor
korteche,kor
koriyechilo,kor
koriyechi,kor
koraten,kor
koracchili,kor
korate,kor
koriyechis,kor
korai,kor
koralo,kor
koriyechile,kor
koray,kor
korabe,kor
korleo,kor
korot,kor
korabi,kor
koracche,kor
korato,kor
koriyeche,kor
kora,kor
koralen,kor
koriyechen,kor
koratam,kor
koracchi,kor
koran,kor
koriyechilam,kor
korao,kor
koras,kor
koracchile,kor
koralam,kor
koriyechilen,kor
koraben,kor
koracchen,kor
korabo,kor
korati,kor
koracchilen,kor
koriyecho,kor
koracchis,kor
koracchilo,kor
gorben,gor
gorechen,gor
gorechis,gor
goris,gor
gorche,gor
gorten,gor
gorchilo,gor
gorechili,gor
gorecho,gor
gorchen,gor
gorchile,gor
gorto,gor
gorlen,gor
gorechi,gor
gorte,gor
gorchis,gor
goren,gor
gortam,gor
gorli,gor
gorechilam,gor
gor,gor
gorbe,gor
gorbo,gor
gorlo,gor
goreche,gor
gorchi,gor
gorle,gor
gori,gor
gorchilen,gor
gorbi,gor
gorechile,gor
gorti,gor
gorechilo,gor
gorlam,gor
gorchili,gor
gorcho,gor
gorechilen,gor
gore,gor
gorchilam,gor
goracchilam,gor
gorale,gor
gorali,gor
goriyechili,gor
goraccho,gor
goriyechilo,gor
goriyechi,gor
goraten,gor
goracchili,gor
gorate,gor
goriyechis,gor
gorai,gor
goralo,gor
goriyechile,gor
goray,gor
gorabe,gor
gorabi,gor
goracche,gor
gorato,gor
goriyeche,gor
gora,gor
goralen,gor
goriyechen,gor
goratam,gor
goracchi,gor
goran,gor
goriyechilam,gor
gorao,gor
goras,gor
goracchile,gor
goralam,gor
goriyechilen,gor
goraben,gor
goracchen,gor
gorabo,gor
gorati,gor
goracchilen,gor
goriyecho,gor
goracchis,gor
goracchilo,gor
chorben,chor
chorechen,chor
chorechis,chor
choris,chor
chorche,chor
chorten,chor
chorchilo,chor
chorechili,chor
choreso,chor
chorchen,chor
chorchile,chor
chorto,chor
chorlen,chor
chorechi,chor
chorte,chor
chorchis,chor
choren,chor
chortam,chor
chorli,chor
chorechilam,chor
chor,chor
chorbe,chor
chorbo,chor
chorlo,chor
choreche,chor
chorchi,chor
chorle,chor
chori,chor
chorchilen,chor
chorbi,chor
chorechile,chor
chorti,chor
chorechilo,chor
chorlam,chor
chorchili,chor
chorcho,chor
chorechilen,chor
chore,chor
chorchilam,chor
choracchilam,chor
chorale,chor
chorali,chor
choriyechili,chor
choraccho,chor
choriyechilo,chor
choriyechi,chor
choraten,chor
choracchili,chor
chorate,chor
choriyechis,chor
chorai,chor
choralo,chor
choriyechile,chor
choray,chor
chorabe,chor
chorabi,chor
choracche,chor
chorato,chor
choriyeche,chor
chora,chor
choralen,chor
choriyechen,chor
choratam,chor
choracchi,chor
choran,chor
choriyechilam,chor
chorao,chor
choras,chor
choracchile,chor
choralam,chor
choriyechilen,chor
choraben,chor
choracchen,chor
chorabo,chor
chorati,chor
choracchilen,chor
choriyecho,chor
choracchis,chor
choracchil,chor
corben,cor
coren,cor
corechis,cor
coris,cor
corche,cor
corchilo,cor
corechili,cor
coreso,cor
corchen,cor
corchile,cor
corto,cor
corlen,cor
corechi,cor
corte,cor
corchis,cor
cortam,cor
corli,cor
corechilam,cor
cor,cor
corbe,cor
corbo,cor
corlo,cor
coreche,cor
corchi,cor
corle,cor
cori,cor
corchilen,cor
corbi,cor
corechile,cor
corti,cor
corechilo,cor
corlam,cor
corchili,cor
corcho,cor
corechilen,cor
core,cor
corchilam,cor
coracchilam,cor
corale,cor
corali,cor
coriyecchili,cor
coraccho,cor
coriyecchilo,cor
coriyecchi,cor
coraten,cor
coracchili,cor
corate,cor
coriyechis,cor
corai,cor
coralo,cor
coriyecchile,cor
coray,cor
corabe,cor
corabi,cor
coracche,cor
corato,cor
coriyecche,cor
cora,cor
coralen,cor
coriyecchen,cor
coratam,cor
coracchi,cor
coran,cor
coriyecchilam,cor
corao,cor
coras,cor
coracchile,cor
coralam,cor
coriyecchilen,cor
coraben,cor
coracchen,cor
corabo,cor
corati,cor
coracchilen,cor
coriyeco,cor
coracchis,cor
coracchil,cor
chorecho,chor
choracho,chor
chorachili,chor
chorache,chor
chorachi,chor
chorachile,chor
chorachen,chor
chorachilen,chor
chorachis,chor
chorachilo,chor
jhorben,jhor
jhorechen,jhor
jhorechis,jhor
jhoris,jhor
jhorche,jhor
jhorten,jhor
jhorchilo,jhor
jhorechili,jhor
jhorecho,jhor
jhorchen,jhor
jhorchile,jhor
jhorto,jhor
jhorlen,jhor
jhorechi,jhor
jhorte,jhor
jhorchis,jhor
jhoren,jhor
jhortam,jhor
jhorli,jhor
jhorechilam,jhor
jhor,jhor
jhorbe,jhor
jhorbo,jhor
jhorlo,jhor
jhoreche,jhor
jhorchi,jhor
jhorle,jhor
jhori,jhor
jhorchilen,jhor
jhorbi,jhor
jhorechile,jhor
jhorti,jhor
jhorechilo,jhor
jhorlam,jhor
jhorchili,jhor
jhorcho,jhor
jhorechilen,jhor
jhore,jhor
jhorchilam,jhor
jhoracchilam,jhor
jhorale,jhor
jhorali,jhor
jhoriyechili,jhor
jhoracho,jhor
jhoriyechilo,jhor
jhoriyechi,jhor
jhoraten,jhor
jhorachili,jhor
jhorate,jhor
jhoriyechis,jhor
jhorai,jhor
jhoriyechile,jhor
jhoray,jhor
jhorabe,jhor
jhorabi,jhor
jhorache,jhor
jhorato,jhor
jhoriyeche,jhor
jhora,jhor
jhoralen,jhor
jhoriyechen,jhor
jhoratam,jhor
jhoracchi,jhor
jhoran,jhor
jhoriyechilam,jhor
jhorao,jhor
jhoras,jhor
jhorachile,jhor
jhoralam,jhor
jhoriyechilen,jhor
jhoraben,jhor
jhorachen,jhor
jhorabo,jhor
jhorati,jhor
jhorachilen,jhor
jhoriyecho,jhor
jhorachis,jhor
jhorachilo,jhor
norben,nor
norechen,nor
norechis,nor
noris,nor
norche,nor
norten,nor
norchilo,nor
norechili,nor
norecho,nor
norchen,nor
norchile,nor
norto,nor
norlen,nor
norechi,nor
norte,nor
norchis,nor
noren,nor
nortam,nor
norli,nor
norechilam,nor
nor,nor
norbe,nor
norbo,nor
norlo,nor
noreche,nor
norchi,nor
norle,nor
nori,nor
norchilen,nor
norbi,nor
norechile,nor
norti,nor
norechilo,nor
norlam,nor
norchili,nor
norcho,nor
norechilen,nor
nore,nor
norchilam,nor
noracchilam,nor
norale,nor
norali,nor
noriyechili,nor
noracho,nor
noriyechilo,nor
noriyechi,nor
noraten,nor
norachili,nor
norate,nor
noriyechis,nor
norai,nor
noriyechile,nor
noray,nor
norabe,nor
norabi,nor
norache,nor
norato,nor
noriyeche,nor
nora,nor
noralen,nor
noriyechen,nor
noratam,nor
norachi,nor
noran,nor
noriyechilam,nor
norao,nor
noras,nor
norachile,nor
noralam,nor
noriyechilen,nor
noraben,nor
norachen,nor
norabo,nor
norati,nor
norachilen,nor
noriyecho,nor
norachis,nor
norachilo,nor
narben,nar
nerechen,nar
nerechis,nar
naris,nar
narche,nar
narten,nar
narchilo,nar
nerechili,nar
nerecho,nar
narchen,nar
narchile,nar
narto,nar
narlen,nar
nerechi,nar
narte,nar
narchis,nar
naren,nar
nartam,nar
narli,nar
nerechilam,nar
nar,nar
narbe,nar
narbo,nar
narlo,nar
nereche,nar
narchi,nar
narle,nar
nari,nar
narchilen,nar
narbi,nar
nerechile,nar
narti,nar
nerechilo,nar
narlam,nar
narchili,nar
narcho,nar
nerechilen,nar
nare,nar
narchilam,nar
naracchilam,nar
narale,nar
narali,nar
nariyechili,nar
naracho,nar
nariyechilo,nar
nariyechi,nar
naraten,nar
narachili,nar
narate,nar
nariyechis,nar
narai,nar
naralo,nar
nariyechile,nar
naray,nar
narabe,nar
narabi,nar
narache,nar
narato,nar
nariyeche,nar
nara,nar
naralen,nar
nariyechen,nar
naratam,nar
narachi,nar
naran,nar
nariyechilam,nar
narao,nar
naras,nar
narachile,nar
naralam,nar
nariyechilen,nar
naraben,nar
narachen,nar
narabo,nar
narati,nar
narachilen,nar
nariyecho,nar
narachis,nar
narachilo,nar
porben,por
perechen,por
perechis,por
poris,por
porche,por
porten,por
porchilo,por
porechili,por
porecho,por
porchen,por
porchile,por
porto,por
porlen,por
porechi,por
porte,por
porchis,por
poren,por
portam,por
porli,por
porechilam,por
por,por
porbe,por
porbo,por
porlo,por
poreche,por
porchi,por
porle,por
pori,por
porchilen,por
porbi,por
porechile,por
porti,por
porechilo,por
porlam,por
porchili,por
porcho,por
porechilen,por
pore,por
porchilam,por
poracchilam,por
porale,por
porali,por
poriyechili,por
poracho,por
poriyechilo,por
poriyechi,por
poraten,por
porachili,por
porate,por
poriyechis,por
porai,por
poralo,por
poriyechile,por
poray,por
porabe,por
porabi,por
porache,por
porato,por
poriyeche,por
pora,por
poralen,por
poriyechen,por
poratam,por
porachi,por
poran,por
poriyechilam,por
porao,por
poras,por
porachile,por
poralam,por
poriyechilen,por
poraben,por
porachen,por
porabo,por
porati,por
porachilen,por
poriyecho,por
porachis,por
porachilo,por
vorben,vor
vorechen,vor
vorechis,vor
vorche,vor
vorten,vor
vorchilo,vor
vorechili,vor
voreche,vor
vorecho,vor
vorchen,vor
vorchile,vor
vorto,vor
vorlen,vor
vorechi,vor
vortam,vor
vorli,vor
vorechilam,vor
vor,vor
vorbe,vor
vorbo,vor
vorlo,vor
vorchi,vor
vorle,vor
vori,vor
vorchilen,vor
vorbi,vor
vorechile,vor
vorti,vor
vorechilo,vor
vorlam,vor
vorchilam,vor
vorcho,vor
vorechilen,vor
vore,vor
vorchilaam,vor
vorachilam,vor
vorale,vor
vorali,vor
voriyachili,vor
voracho,vor
voriyachilo,vor
voriyechi,vor
voraten,vor
vorachili,vor
vorate,vor
voriyachis,vor
vorai,vor
voralo,vor
voriyachile,vor
voray,vor
vorabe,vor
vorabi,vor
voracche,vor
vorato,vor
voriyeche,vor
vora,vor
voralen,vor
voriyachen,vor
voratam,vor
voracchi,vor
voran,vor
voriyachilam,vor
vorao,vor
voras,vor
vorachile,vor
voralam,vor
voriyachilen,vor
voraben,vor
voracchen,vor
vorabo,vor
vorati,vor
vorachilen,vor
voriyacho,vor
vorachis,vor
vorachilo,vor
morben,mor
morechen,mor
morechis,mor
moris,mor
morche,mor
morten,mor
morchilo,mor
morechili,mor
morecho,mor
morchen,mor
morchile,mor
morto,mor
morlen,mor
morechi,mor
morte,mor
morchis,mor
moren,mor
mortam,mor
morli,mor
morechilam,mor
mor,mor
morbe,mor
morbo,mor
morlo,mor
moreche,mor
morchi,mor
morle,mor
mori,mor
morchilen,mor
morbi,mor
morechile,mor
morti,mor
morechilo,mor
morlam,mor
morchili,mor
morcho,mor
morechilen,mor
more,mor
morchilam,mor
morachilam,mor
morale,mor
morali,mor
moriyachili,mor
moracho,mor
moriyachilo,mor
moriyechi,mor
moraten,mor
morachili,mor
morate,mor
moriyachis,mor
morai,mor
moral,mor
moriyachile,mor
moray,mor
morabe,mor
morabi,mor
moracche,mor
morat,mor
moriyeche,mor
mora,mor
moralen,mor
moriyachen,mor
moratam,mor
morachi,mor
moran,mor
moriyachilam,mor
morao,mor
moras,mor
morachile,mor
moralam,mor
moriyachilen,mor
moraben,mor
moracchen,mor
morabo,mor
morati,mor
morachilen,mor
moriyaches,mor
morachis,mor
morachilo,mor
sorben,sor
sorechen,sor
sorechis,sor
soris,sor
sorche,sor
sorten,sor
sorchilo,sor
sorechili,sor
sorecho,sor
sorchen,sor
sorchile,sor
sorto,sor
sorlen,sor
sorechi,sor
sorte,sor
sorchis,sor
soren,sor
sortam,sor
sorli,sor
sorechilam,sor
sor,sor
sorbe,sor
sorbo,sor
sorlo,sor
soreche,sor
sorchi,sor
sorle,sor
sori,sor
sorchilen,sor
sorbi,sor
sorechile,sor
sorti,sor
sorechilo,sor
sorlam,sor
sorchili,sor
sorches,sor
sorechilen,sor
sore,sor
sorchilam,sor
sorachilam,sor
sorale,sor
sorali,sor
soriyachili,sor
soracho,sor
soriyachilo,sor
soriyechi,sor
soraten,sor
sorachili,sor
sorate,sor
soriyachis,sor
sorai,sor
soralo,sor
soriyachile,sor
soray,sor
sorabe,sor
sorabi,sor
soracche,sor
sorato,sor
soriyeche,sor
sora,sor
soralen,sor
soriyachen,sor
soratam,sor
sorachi,sor
soran,sor
soriyachilam,sor
sorao,sor
soras,sor
sorachile,sor
soralam,sor
soriyachilen,sor
soraben,sor
soracchen,sor
sorabo,sor
sorati,sor
sorachilen,sor
soriyaches,sor
sorachis,sor
sorachilo,sor
hatben,hat
hetechen,hat
hetechis,hat
hatish,hat
hatche,hat
hatten,hat
hatchilo,hat
hetechili,hat
hetecho,hat
hatchen,hat
hatchile,hat
hatto,hat
hatlen,hat
hetechi,hat
hatte,hat
hatchis,hat
haten,hat
hattam,hat
hatli,hat
hetechilam,hat
hat,hat
hatbe,hat
hatbo,hat
hatlo,hat
heteche,hat
hatchi,hat
hatle,hat
hati,hat
hatchilen,hat
hatbi,hat
hetechile,hat
hatti,hat
hetechilo,hat
hatlam,hat
hatchili,hat
hatcho,hat
hetechilen,hat
hate,hat
hatchilam,hat
hatacchilam,hat
hatale,hat
hatali,hat
hatiyechili,hat
hataccho,hat
hatiyechilo,hat
hatiyechi,hat
hataten,hat
hatacchili,hat
hatate,hat
hatiyechis,hat
hatai,hat
hatalo,hat
hatiyechile,hat
hatay,hat
hatabe,hat
hatabi,hat
hatacche,hat
hatato,hat
hatiyeche,hat
hata,hat
hatalen,hat
hatiyen,hat
hatatam,hat
hatachi,hat
hatan,hat
hatiyelam,hat
hatao,hat
hatas,hat
hatachile,hat
hatalam,hat
hatiyelen,hat
hataben,hat
hatacchen,hat
hatabo,hat
hatati,hat
hatacchilen,hat
hatiyecho,hat
hatacchis,hat
hatacchilo,hat
katben,kat
ketechen,kat
ketechis,kat
katish,kat
katche,kat
katten,kat
katchilo,kat
ketechili,kat
ketecho,kat
katchen,kat
katchile,kat
katto,kat
katlen,kat
ketechi,kat
katte,kat
katchis,kat
katen,kat
kattam,kat
katli,kat
ketechilam,kat
kat,kat
katbe,kat
katbo,kat
katlo,kat
keteche,kat
katchi,kat
katle,kat
kati,kat
katchilen,kat
katbi,kat
ketechile,kat
katti,kat
ketechilo,kat
katlam,kat
katchili,kat
katcho,kat
ketechilen,kat
kate,kat
katchilam,kat
katacchilam,kat
katale,kat
katali,kat
katiyechili,kat
kataccho,kat
katiyechilo,kat
katiyechi,kat
kataten,kat
katacchili,kat
katate,kat
katiyechis,kat
katai,kat
katalo,kat
katiyechile,kat
katay,kat
katabe,kat
katabi,kat
katacche,kat
katato,kat
katiyeche,kat
kata,kat
katalen,kat
katiyen,kat
katatam,kat
katachi,kat
katan,kat
katiyelam,kat
katao,kat
katas,kat
katachile,kat
katalam,kat
katiyelen,kat
kataben,kat
katacchen,kat
katabo,kat
katati,kat
katacchilen,kat
katiyecho,kat
katacchis,kat
katacchilo,kat
ghatben,ghat
ghetechen,ghat
ghetechis,ghat
ghatis,ghat
ghatche,ghat
ghatten,ghat
ghatchilo,ghat
ghetichili,ghat
ghetecho,ghat
ghatchen,ghat
ghatchile,ghat
ghatto,ghat
ghatlen,ghat
ghetechi,ghat
ghatte,ghat
ghatchis,ghat
ghaten,ghat
ghattam,ghat
ghatli,ghat
ghetichilam,ghat
ghat,ghat
ghatbe,ghat
ghatbo,ghat
ghatlo,ghat
gheteche,ghat
ghatchi,ghat
ghatle,ghat
ghati,ghat
ghatchilen,ghat
ghatbi,ghat
ghetichile,ghat
ghatti,ghat
ghetichilo,ghat
ghatlam,ghat
ghatchili,ghat
ghatcho,ghat
ghetichilen,ghat
ghate,ghat
ghatchilam,ghat
ghatacchilam,ghat
ghatale,ghat
ghatali,ghat
ghatiyechili,ghat
ghataccho,ghat
ghatiyechilo,ghat
ghatiyechi,ghat
ghataten,ghat
ghatacchili,ghat
ghatate,ghat
ghatiyechis,ghat
ghatai,ghat
ghatalo,ghat
ghatiyechile,ghat
ghatay,ghat
ghatabe,ghat
ghatabi,ghat
ghatacche,ghat
ghatato,ghat
ghatiyeche,ghat
ghata,ghat
ghatalen,ghat
ghatiyechen,ghat
ghatattam,ghat
ghatacchi,ghat
ghatan,ghat
ghatiyechilam,ghat
ghatao,ghat
ghatas,ghat
ghatacchile,ghat
ghatalam,ghat
ghatiyechilen,ghat
ghataben,ghat
ghatacchen,ghat
ghatabo,ghat
ghatati,ghat
ghatacchilen,ghat
ghatiyecho,ghat
ghatacchis,ghat
ghatacchilo,ghat
chatben,chat
chetechen,chat
chetechis,chat
chatis,chat
chatche,chat
chatten,chat
chatchilo,chat
cheti,chat
chatli,chat
chetiyechilam,chat
chatlam,chat
chatle,chat
chatcho,chat
chetiyechen,chat
chatchilam,chat
chatacchilam,chat
chatale,chat
chatali,chat
chatiyechili,chat
chataccho,chat
chatiyechilo,chat
chatiyechi,chat
chataten,chat
chatacchili,chat
chatate,chat
chatiyechis,chat
chatai,chat
chatalo,chat
chatiyechile,chat
chatay,chat
chatabe,chat
chatabi,chat
chatacche,chat
chatato,chat
chatiyeche,chat
chata,chat
chatalen,chat
chatiyechen,chat
chatattam,chat
chatacchi,chat
chatan,chat
chatiyechilam,chat
chatao,chat
chatas,chat
chatalam,chat
chatiyechilen,chat
chataben,chat
chatacchen,chat
chatabo,chat
chatati,chat
chatacchilen,chat
chatiyecho,chat
chatacchis,chat
chatacchilo,chat
radhben,radh
redhechen,radh
redhechis,radh
radhis,radh
radhche,radh
radhten,radh
radhchilo,radh
redhechilam,radh
redhecho,radh
radhchen,radh
radhchile,radh
radhto,radh
radhlen,radh
redhechi,radh
radhte,radh
radhchis,radh
radhen,radh
radhtam,radh
radhli,radh
radh,radh
radhbe,radh
radhb,radh
radhlo,radh
redheche,radh
radhchi,radh
radhle,radh
radhi,radh
radhchilen,radh
radhbi,radh
redhechile,radh
radhti,radh
redhechilo,radh
radhlam,radh
radhchili,radh
radhcho,radh
redhechilen,radh
radhe,radh
radhchilam,radh
radhachilo,radh
radhale,radh
radhali,radh
radhiyachili,radh
radhach,radh
radhiyachilo,radh
radhiyachi,radh
radhaten,radh
radhachili,radh
radhate,radh
radhiyachis,radh
radhai,radh
radhalo,radh
radhiyachile,radh
radhaye,radh
radhabe,radh
radhabi,radh
radhache,radh
radhato,radh
radhiyache,radh
radha,radh
radhalen,radh
radhiyachen,radh
radhatam,radh
radhachi,radh
radhan,radh
radhiyachilam,radh
radhao,radh
radhas,radh
radhachile,radh
radhalam,radh
radhiyachilen,radh
radhaben,radh
radhacchen,radh
radhab,radh
radhati,radh
radhachilen,radh
radhiyacho,radh
radhachis,radh
badhben,badh
bedhechen,badh
bedhechis,badh
badhis,badh
badhche,badh
badhten,badh
badhchilo,badh
bedhechilam,badh
bedhecho,badh
badhchen,badh
badhchile,badh
badhto,badh
badhlen,badh
bedhechi,badh
badhte,badh
badhchis,badh
badhen,badh
badhtam,badh
badhli,badh
badho,badh
badhbe,badh
badhlo,badh
bedheche,badh
badhchi,badh
badhle,badh
badhi,badh
badhchilen,badh
badhbi,badh
bedhechile,badh
badhti,badh
bedhechilo,badh
badhlam,badh
badhchili,badh
badhcho,badh
bedhechilen,badh
badhe,badh
badhchilam,badh
badhachilam,badh
badhale,badh
badhali,badh
badhiyachili,badh
badhaccho,badh
badhiyachilo,badh
badhiyachi,badh
badhachili,badh
badhate,badh
badhiyachis,badh
badhai,badh
badhalo,badh
badhiyachile,badh
badhaye,badh
badhabe,badh
badhabi,badh
badhache,badh
badhiyache,badh
badha,badh
badhalen,badh
badhiyachen,badh
badhachi,badh
badhaan,badh
badhiyachilam,badh
badhaho,badh
badhas,badh
badhachile,badh
badhalam,badh
badhiyachilen,badh
badhaben,badh
badhacchen,badh
badhachilo,badh
chutben,chut
chutechen,chut
chutechis,chut
chutis,chut
chutche,chut
chutten,chut
chutchil,chut
chutechili,chut
chutecho,chut
chutchen,chut
chutchile,chut
chutt,chut
chutlen,chut
chutechi,chut
chutte,chut
chutchis,chut
chuten,chut
chuttam,chut
chutli,chut
chutechilam,chut
chut,chut
chutbe,chut
chutbo,chut
chutlo,chut
chuteche,chut
chutchi,chut
chutle,chut
chuti,chut
chutchilen,chut
chutbi,chut
chutechile,chut
chutiti,chut
chutechil,chut
chutlam,chut
chutchili,chut
chutcho,chut
chutechilen,chut
chute,chut
chutchilam,chut
chutacchilam,chut
chutale,chut
chutali,chut
chutiyachili,chut
chutaccho,chut
chutiyachil,chut
chutiyachi,chut
chutaten,chut
chutacchili,chut
chutate,chut
chutiyachis,chut
chutai,chut
chutal,chut
chutiyachile,chut
chutay,chut
chutabe,chut
chutabi,chut
chutacche,chut
chutat,chut
chutiyache,chut
chuta,chut
chutalen,chut
chutiyachen,chut
chutatam,chut
chutacchi,chut
chutan,chut
chutiyachilam,chut
chutao,chut
chutas,chut
chutacchile,chut
chutalam,chut
chutiyacchilen,chut
chutaben,chut
chutacchen,chut
chutabo,chut
chutatiti,chut
chutacchilen,chut
chutiyaccho,chut
chutacchis,chut
chutacchil,chut
khelben,khel
khelechen,khel
khelechis,khel
khelis,khel
khelche,khel
khelten,khel
khelchil,khel
khelechili,khel
khelecho,khel
khelchen,khel
khelchile,khel
khelt,khel
khelechi,khel
khelte,khel
khelchis,khel
kheltam,khel
khelchi,khel
khelechilam,khel
khel,khel
khelbe,khel
khelbo,khel
khello,khel
kheleche,khel
khelle,khel
khelchilen,khel
khelbi,khel
khelechile,khel
kheliti,khel
khelechil,khel
khellam,khel
khelchili,khel
khelcho,khel
khelechilen,khel
khelchilam,khel
khelacchilam,khel
khelale,khel
khelali,khel
kheliyachili,khel
khelaccho,khel
kheliyachil,khel
kheliyachi,khel
khelaten,khel
khelacchili,khel
khelate,khel
kheliyachis,khel
khelai,khel
khelal,khel
kheliyachile,khel
khelay,khel
khelabe,khel
khelabi,khel
khelacche,khel
khelat,khel
kheliyache,khel
khela,khel
khelalen,khel
kheliyachen,khel
khelatam,khel
khelacchi,khel
khelan,khel
kheliyachilam,khel
khelao,khel
khelas,khel
khelacchile,khel
khelalam,khel
kheliyacchilen,khel
khelaben,khel
khelacchen,khel
khelabo,khel
khelatiti,khel
khelacchilen,khel
kheliyaccho,khel
khelacchis,khel
khelacchil,khel
milben,mil
milechen,mil
milechis,mil
milis,mil
milche,mil
milten,mil
milchil,mil
milechili,mil
mileches,mil
milchen,mil
milchile,mil
milt,mil
millen,mil
milechi,mil
milte,mil
milchis,mil
milen,mil
miltam,mil
millli,mil
milechilam,mil
mil,mil
milbe,mil
milb,mil
mill,mil
mileche,mil
milchi,mil
mille,mil
mili,mil
milchilen,mil
milbi,mil
milechile,mil
milti,mil
milechil,mil
millam,mil
milchili,mil
milchich,mil
mile,mil
milchilam,mil
milacchilam,mil
milale,mil
milali,mil
miliyechili,mil
milacch,mil
miliyecchil,mil
miliyecchi,mil
milaten,mil
milacchili,mil
milate,mil
miliyecchis,mil
milai,mil
milal,mil
miliyecchile,mil
milay,mil
milabe,mil
milabi,mil
milacche,mil
milat,mil
miliyecche,mil
mila,mil
milalen,mil
miliyecchen,mil
milatam,mil
milacchi,mil
milan,mil
miliyecchilam,mil
milao,mil
milas,mil
milacchile,mil
milalam,mil
miliyecchilen,mil
milaben,mil
milacchen,mil
milab,mil
milati,mil
milacchilen,mil
miliyecch,mil
milacchis,mil
milacchil,mil
melben,mel
melechen,mel
melechis,mel
melis,mel
melche,mel
melten,mel
melchil,mel
melechili,mel
meleches,mel
melchen,mel
melchile,mel
melt,mel
mellen,mel
melechi,mel
melte,mel
melchis,mel
melen,mel
meltam,mel
mellli,mel
melechilam,mel
mel,mel
melbe,mel
melb,mel
mell,mel
meleche,mel
melchi,mel
melle,mel
meli,mel
melchilen,mel
melbi,mel
melechile,mel
melti,mel
melechil,mel
mellam,mel
melchili,mel
melchich,mel
mele,mel
melchilam,mel
melacchilam,mel
melale,mel
melali,mel
meliyecchili,mel
melacch,mel
meliyecchil,mel
meliyecchi,mel
melaten,mel
melacchili,mel
melate,mel
meliyecchis,mel
melai,mel
melal,mel
meliyecchile,mel
melay,mel
melabe,mel
melabi,mel
melacche,mel
melat,mel
meliyecche,mel
mela,mel
melalen,mel
meliyecchen,mel
melatam,mel
melacchi,mel
melan,mel
meliyecchilam,mel
melao,mel
melas,mel
melacchile,mel
melalam,mel
meliyecchilen,mel
melaben,mel
melacchen,mel
melab,mel
melati,mel
melacchilen,mel
meliyecch,mel
melacchis,mel
melacchil,mel
cinben,cin
cinechen,cin
cinechis,cin
cinis,cin
cinche,cin
cinten,cin
cinchilo,cin
cinichili,cin
cinesho,cin
cincchen,cin
cinchile,cin
cinto,cin
cinlen,cin
cinechi,cin
cinte,cin
cincis,cin
cinen,cin
cintam,cin
cinli,cin
cinichilam,cin
cin,cin
cinbe,cin
cinbo,cin
cinlo,cin
cineche,cin
cinchi,cin
cinle,cin
cini,cin
cinchilen,cin
cinbi,cin
cinichile,cin
ciniti,cin
cinichilo,cin
cinlam,cin
cinchili,cin
cinccho,cin
cine,cin
cinchilam,cin
cinacchilam,cin
cinale,cin
cinali,cin
ciniyechili,cin
cinacch,cin
ciniyechil,cin
ciniyechi,cin
cinaten,cin
cinacchili,cin
cinate,cin
ciniyechis,cin
cinai,cin
cinal,cin
ciniyechile,cin
cinay,cin
cinabe,cin
cinabi,cin
cinacche,cin
cinat,cin
ciniyecche,cin
cina,cin
cinalen,cin
ciniyechen,cin
cinatam,cin
cinacchi,cin
cinan,cin
ciniyechilam,cin
cinao,cin
cinas,cin
cinacchile,cin
cinalam,cin
ciniyechilen,cin
cinaben,cin
cinacchen,cin
cinab,cin
cinati,cin
cinacchilen,cin
ciniyech,cin
cinacchis,cin
cinacchil,cin
cenben,cen
cenechen,cen
cenechis,cen
cenis,cen
cenche,cen
centen,cen
cenchilo,cen
cenichili,cen
cenesho,cen
cencchen,cen
cenchile,cen
cento,cen
cenlen,cen
cenechi,cen
cente,cen
cencis,cen
cenen,cen
centam,cen
cenli,cen
cenichilam,cen
cen,cen
cenbe,cen
cenbo,cen
cenlo,cen
ceneche,cen
cenchi,cen
cenle,cen
ceni,cen
cenchilen,cen
cenbi,cen
cenichile,cen
centi,cen
cenichilo,cen
cenlam,cen
cenchili,cen
cenccho,cen
cene,cen
cenchilam,cen
cenacchilam,cen
cenale,cen
cenali,cen
ceniyechili,cen
cenacch,cen
ceniyechil,cen
ceniyechi,cen
cenaten,cen
cenacchili,cen
cenate,cen
ceniyechis,cen
cenai,cen
cenal,cen
ceniyechile,cen
cenay,cen
cenabe,cen
cenabi,cen
cenacche,cen
cenat,cen
ceniyecche,cen
cena,cen
cenalen,cen
ceniyechen,cen
cenatam,cen
cenacchi,cen
cenan,cen
ceniyechilam,cen
cenao,cen
cenas,cen
cenacchile,cen
cenalam,cen
ceniyechilen,cen
cenaben,cen
cenacchen,cen
cenab,cen
cenati,cen
cenacchilen,cen
ceniyech,cen
cenacchis,cen
cenacchil,cen
bolben,bol
bolechen,bol
bolechis,bol
bolis,bol
bolche,bol
bolten,bol
bolchilo,bol
bolechili,bol
bolecho,bol
bolchen,bol
bolchile,bol
bolt,bol
bolen,bol
bolechi,bol
bolte,bol
bolchis,bol
boltam,bol
bolli,bol
bolechilam,bol
bol,bol
bolbe,bol
bolbo,bol
boll,bol
boleche,bol
bolchi,bol
bolle,bol
boli,bol
bolchilen,bol
bolbi,bol
bolechile,bol
bolti,bol
bolechilo,bol
bollam,bol
bolchili,bol
bolcho,bol
bolechilen,bol
bole,bol
bolchilam,bol
bolachilo,bol
bolale,bol
bolali,bol
boliyechili,bol
bolacho,bol
boliyechilo,bol
boliyechi,bol
bolaten,bol
bolachili,bol
bolate,bol
boliyechis,bol
bolai,bol
bolal,bol
boliyechile,bol
bolay,bol
bolabe,bol
bolabi,bol
bolache,bol
bolat,bol
boliyeche,bol
bola,bol
bolalen,bol
boliyechen,bol
bolatam,bol
bolachi,bol
bolan,bol
boliyechilam,bol
bolao,bol
bolas,bol
bolachile,bol
bolalam,bol
boliyechilen,bol
bolaben,bol
bolachen,bol
bolabo,bol
bolati,bol
bolachilen,bol
boliyecho,bol
bolachis,bol
shunben,shun
shunechen,shun
shunechis,shun
shunis,shun
shonen,shun
shunche,shun
shunten,shun
shunchilo,shun
shunechili,shun
shunecho,shun
shunchen,shun
shunchile,shun
shunt,shun
shunlen,shun
shunechi,shun
shunte,shun
shunchis,shun
shunen,shun
shuntam,shun
shunlili,shun
shunechilam,shun
shun,shun
shunbe,shun
shunbo,shun
shunl,shun
shuneche,shun
shunchi,shun
shunle,shun
shuni,shun
shunchilen,shun
shunbi,shun
shunechile,shun
shunti,shun
shunechilo,shun
shunlam,shun
shunchili,shun
shuncho,shun
shunechilen,shun
shune,shun
shunchilam,shun
shunachilo,shun
shunale,shun
shunali,shun
shuniyechili,shun
shunacho,shun
shuniyechilo,shun
shuniyechi,shun
shunaten,shun
shunachili,shun
shoneni,shun
shunate,shun
shuniyechis,shun
shunai,shun
shunal,shun
shuniyechile,shun
shunay,shun
shunabe,shun
shunabi,shun
shunache,shun
shunat,shun
shuniyeche,shun
shuna,shun
shunalen,shun
shuniyechen,shun
shunatam,shun
shunachi,shun
shunan,shun
shuniyechilam,shun
shunao,shun
shunas,shun
shunachile,shun
shunalam,shun
shuniyechilen,shun
shunaben,shun
shunachen,shun
shunabo,shun
shunati,shun
shunachilen,shun
shuniyecho,shun
shunachis,shun
likhben,likh
likhechen,likh
likhechis,likh
likhis,likh
likhche,likh
likhten,likh
likhchilo,likh
likhechili,likh
likhecho,likh
likhchen,likh
likhchile,likh
likhto,likh
likhlen,likh
likhechi,likh
likhte,likh
likhchis,likh
likhen,likh
likhtam,likh
likhli,likh
likhechilam,likh
likh,likh
likhbe,likh
likhbo,likh
likhlo,likh
likheche,likh
likhchi,likh
likhle,likh
likhi,likh
likhchilen,likh
likhbi,likh
likhechile,likh
likhti,likh
likhechilo,likh
likhlam,likh
likhchili,likh
likhcho,likh
likhechilen,likh
likhe,likh
likhchilam,likh
likhacchilam,likh
likhale,likh
likhali,likh
likhiyechili,likh
likhaccho,likh
likhiyechilo,likh
likhiyechi,likh
likhaten,likh
likhacchili,likh
likhate,likh
likhiyechis,likh
likhai,likh
likhalo,likh
likhiyechile,likh
likhaye,likh
likhabe,likh
likhabi,likh
likhacche,likh
likhato,likh
likhiyeche,likh
likha,likh
likhalen,likh
likhiyecchen,likh
likhatam,likh
likhacchi,likh
likhan,likh
likhiyechilam,likh
likhao,likh
likhas,likh
likhacchile,likh
likhalam,likh
likhiyecchilen,likh
likhaben,likh
likhacchen,likh
likhabo,likh
likhati,likh
likhacchilen,likh
likhiyecho,likh
likhacchis,likh
likhacchilo,likh
dekhben,dekh
dekhechen,dak
dekhechis,dak
dekhis,dekh
dekhche,dekh
dekhten,dekh
dekhchilo,dekh
dekhechili,dak
dekhecho,dak
dekhchen,dekh
dekhchile,dekh
dekhte,dekh
dekhlen,dekh
dekhechi,dak
dekhtam,dekh
dekhli,dekh
dekhechilam,dak
dekh,dekh
dekhbe,dekh
dekhbo,dekh
dekhlo,dekh
dekheche,dak
dekhchi,dekh
dekhle,dekh
dekhi,dekh
dekhchilen,dekh
dekhbi,dekh
dekhechile,dak
dekhti,dekh
dekhechilo,dak
dekhlam,dekh
dekhchili,dekh
dekhcho,dekh
dekhechilen,dak
dekhe,dekh
dekhchilam,dekh
dekha,dekh
dekhale,dekh
dekhali,dekh
dekhiyechilo,dekh
dekhaccho,dekh
dekhiyechi,dekh
dekhatam,dekh
dekhacchili,dekh
dekhacche,dekh
dekhabo,dekh
dekhati,dekh
dekhachan,dekh
dekhane,dekh
chetachen,chat
chetachis,chat
chetachili,chat
chetache,chat
chatchen,chat
chatchile,chat
chatto,chat
chatlen,chat
chetachi,chat
chatte,chat
chatchis,chat
chaten,chat
chattam,chat
chetachilam,chat
chat,chat
chatbe,chat
chatbo,chat
chatlo,chat
chatchi,chat
chati,chat
chatchilen,chat
chatbi,chat
chetachile,chat
chetachilo,chat
chatchili,chat
chetachilen,chat
chatachilam,chat
chatiachilo,chat
chatachish,chat
chatiachi,chat
chatachili,chat
chatiachis,chat
chatiachile,chat
chatiache,chat
chatiachen,chat
chatachi,chat
chatiachilam,chat
chatachile,chat
chatiachilen,chat
chatachilen,chat
chatachilo,chat
shukben,shuk
shukechen,shuk
shukechis,shuk
shukis,shuk
shukche,shuk
shukten,shuk
shukchilo,shuk
shukechili,shuk
shukeche,shuk
shukchen,shuk
shukchile,shuk
shukto,shuk
shuklen,shuk
shukechi,shuk
shukte,shuk
shukchis,shuk
shuken,shuk
shuktam,shuk
shukli,shuk
shukechilam,shuk
shuk,shuk
shukbe,shuk
shukbo,shuk
shuklo,shuk
shukchi,shuk
shukle,shuk
shuki,shuk
shukchilen,shuk
shukbi,shuk
shukechile,shuk
shuktito,shuk
shukechilo,shuk
shuklam,shuk
shukchili,shuk
shukechilen,shuk
shukchilam,shuk
shukachilam,shuk
shukale,shuk
shukali,shuk
shukiyechilo,shuk
shukachis,shuk
shukiyechi,shuk
shukachili,shuk
shukiyechis,shuk
shukai,shuk
shukalo,shuk
shukiyechile,shuk
shukay,shuk
shukabe,shuk
shukabi,shuk
shukacche,shuk
shukiyeche,shuk
shuka,shuk
shukalen,shuk
shukiyechen,shuk
shukachi,shuk
shukan,shuk
shukiyechilam,shuk
shukao,shuk
shukas,shuk
shukachile,shuk
shukalam,shuk
shukiyechilen,shuk
shukaben,shuk
shukacchen,shuk
shukabo,shuk
shukachilen,shuk
shukachish,shuk
shukachilo,shuk
boshben,bosh
boshechen,bosh
boshechis,bosh
boshis,bosh
boshche,bosh
boshten,bosh
boshchilo,bosh
boshechili,bosh
boshecho,bosh
boshchen,bosh
boshchile,bosh
bosht,bosh
boshelen,bosh
boshechi,bosh
boshte,bosh
boshchis,bosh
boshen,bosh
boshtam,bosh
boshli,bosh
boshechilam,bosh
bosh,bosh
boshbe,bosh
boshb,bosh
boshl,bosh
bosheche,bosh
boshchi,bosh
boshle,bosh
boshi,bosh
boshchilen,bosh
boshbi,bosh
boshechile,bosh
boshti,bosh
boshechilo,bosh
boshlam,bosh
boshchili,bosh
boshcho,bosh
boshechilen,bosh
boshe,bosh
boshchilam,bosh
boshacchilam,bosh
boshal,bosh
bosheli,bosh
boshiechili,bosh
boshaccho,bosh
boshiechilo,bosh
boshiechi,bosh
bosheten,bosh
boshacchili,bosh
boshate,bosh
boshiechis,bosh
boshai,bosh
boshiechile,bosh
boshay,bosh
boshabe,bosh
boshabi,bosh
boshacche,bosh
boshat,bosh
boshieche,bosh
bosha,bosh
boshiechen,bosh
boshacchi,bosh
boshan,bosh
boshiechilam,bosh
boshau,bosh
boshas,bosh
boshacchile,bosh
boshalam,bosh
boshiechilen,bosh
boshaben,bosh
boshacchen,bosh
boshab,bosh
boshacchilen,bosh
boshiecho,bosh
boshacchis,bosh
boshacchilo,bosh
jhakben,jhak
jhekechen,jhak
jhekechis,jhak
jhakis,jhak
jhakche,jhak
jhakten,jhak
jhakchilo,jhak
jhekechili,jhak
jhekecho,jhak
jhakchen,jhak
jhakchile,jhak
jhakt,jhak
jhakelen,jhak
jhekechi,jhak
jhakte,jhak
jhakchis,jhak
jhaken,jhak
jhaktam,jhak
jhakli,jhak
jhekechilam,jhak
jhak,jhak
jhakbe,jhak
jhakb,jhak
jhakl,jhak
jhekeche,jhak
jhakchi,jhak
jhakle,jhak
jhaki,jhak
jhakchilen,jhak
jhakbi,jhak
jhekechile,jhak
jhakti,jhak
jhekechilo,jhak
jhaklam,jhak
jhakchili,jhak
jhakcho,jhak
jhekechilen,jhak
jhake,jhak
jhakchilam,jhak
jhakacchilam,jhak
jhakale,jhak
jhakali,jhak
jhakiechili,jhak
jhakaccho,jhak
jhakiechilo,jhak
jhakiechi,jhak
jhaketen,jhak
jhakacchili,jhak
jhakate,jhak
jhakiechis,jhak
jhakai,jhak
jhakal,jhak
jhakiechile,jhak
jhakay,jhak
jhakabe,jhak
jhakabi,jhak
jhakacche,jhak
jhakat,jhak
jhakieche,jhak
jhaka,jhak
jhakiechen,jhak
jhakacchi,jhak
jhakan,jhak
jhakiechilam,jhak
jhakau,jhak
jhakas,jhak
jhakacchile,jhak
jhakalam,jhak
jhakiechilen,jhak
jhakaben,jhak
jhakacchen,jhak
jhakab,jhak
jhakacchilen,jhak
jhakiecho,jhak
jhakacchis,jhak
jhakacchilo,jhak
lafben,laf
lefechen,laf
lefechechis,laf
lafis,laf
lafche,laf
laften,laf
lafchil,laf
lefechili,laf
lefecho,laf
lafchen,laf
lafchile,laf
laft,laf
laflen,laf
lefechi,laf
lafte,laf
lafchis,laf
lafen,laf
laftam,laf
lafli,laf
lefechilam,laf
laf,laf
lafbe,laf
lafbo,laf
laflo,laf
lefeche,laf
lafchi,laf
lafle,laf
lafi,laf
lafchilen,laf
lafbi,laf
lefechile,laf
lafti,laf
lefechilo,laf
laflam,laf
lafchili,laf
lafcho,laf
lefechilen,laf
lafe,laf
lafchilam,laf
lafacchilam,laf
lafale,laf
lafali,laf
lafiyechili,laf
lafaccho,laf
lafiyechil,laf
lafiyechi,laf
lafaten,laf
lafacchili,laf
lafate,laf
lafiyechis,laf
lafai,laf
lafalo,laf
lafiyechile,laf
lafay,laf
lafabe,laf
lafabi,laf
lafacche,laf
lafat,laf
lafiyeche,laf
lafa,laf
lafalen,laf
lafiyechen,laf
lafacchi,laf
lafano,laf
lafiyechilam,laf
lafao,laf
lafas,laf
lafacchile,laf
lafalam,laf
lafiyechilen,laf
lafaben,laf
lafacchen,laf
lafabo,laf
lafati,laf
lafacchilen,laf
lafiyach,laf
lafacchis,laf
lagben,lag
legachen,lag
legechis,lag
lagis,lag
lagche,lag
lagten,lag
lagchilo,lag
legechili,lag
legecho,lag
lagchen,lag
lagchile,lag
lagato,lag
laglen,lag
legechi,lag
lagte,lag
lagchis,lag
lagen,lag
lagatam,lag
lagli,lag
legechilam,lag
lag,lag
lagbe,lag
lagbo,lag
laglo,lag
legeke,lag
lagchi,lag
lagle,lag
lagi,lag
lagchilen,lag
lagbi,lag
legechile,lag
lagti,lag
legechilo,lag
laglam,lag
lagchili,lag
lagcho,lag
legechen,lag
lage,lag
lagchilam,lag
lagacchilam,lag
lagale,lag
lagali,lag
lagiyechili,lag
lagaccho,lag
lagiyechil,lag
lagiyechi,lag
lagaten,lag
lagachili,lag
lagate,lag
lagiyachis,lag
lagai,lag
lagalo,lag
lagiyechile,lag
lagay,lag
lagabe,lag
lagabi,lag
lagache,lag
lagiyeche,lag
laga,lag
lagalen,lag
lagiyachen,lag
lagacchi,lag
lagan,lag
lagano,lag
lagiychilam,lag
lagao,lag
lagas,lag
lagacchile,lag
lagalam,lag
lagaben,lag
lagacchen,lag
lagabo,lag
lagati,lag
lagacchilen,lag
lagiyecho,lag
lagacchis,lag
lagacchilo,lag
tulben,tul
tulechen,tul
tulechis,tul
tulis,tul
tulche,tul
tulten,tul
tulchilo,tul
tulechili,tul
tulecho,tul
tulchen,tul
tulchile,tul
tulto,tul
tullen,tul
tulechi,tul
tulte,tul
tulchis,tul
tulen,tul
tultam,tul
tulli,tul
tulechilam,tul
tul,tul
tulbe,tul
tulbo,tul
tullo,tul
tuleche,tul
tulchi,tul
tulle,tul
tuli,tul
tulchilen,tul
tulbi,tul
tulekhe,tul
tulati,tul
tulekhil,tul
tullam,tul
tulchili,tul
tulcho,tul
tulekhen,tul
tule,tul
tulchilam,tul
tulacchilam,tul
tulale,tul
tulali,tul
tuliyechili,tul
tulaccho,tul
tuliyechil,tul
tuliyechi,tul
tulaten,tul
tulacchili,tul
tulate,tul
tuliyechis,tul
tulai,tul
tulalo,tul
tuliyechile,tul
tulay,tul
tulabe,tul
tulabi,tul
tulacche,tul
tulato,tul
tuliyeche,tul
tula,tul
tulalen,tul
tuliyechen,tul
tulatam,tul
tulacchi,tul
tulano,tul
tuliyechilam,tul
tulao,tul
tulas,tul
tulacchile,tul
tulalam,tul
tuliyechilen,tul
tulaben,tul
tulacchen,tul
tulabo,tul
tulacchilen,tul
tuliyech,tul
tulacchis,tul
tulacchil,tul
bhulben,bhul
bhulechen,bhul
bhulechis,bhul
bhulis,bhul
bhulche,bhul
bhulten,bhul
bhulchilo,bhul
bhulechili,bhul
bhulecho,bhul
bhulchen,bhul
bhulchile,bhul
bhulto,bhul
bhullen,bhul
bhulechi,bhul
bhulte,bhul
bhulchis,bhul
bhulen,bhul
bhultam,bhul
bhulli,bhul
bhulechilam,bhul
bhul,bhul
bhulbe,bhul
bhulbo,bhul
bhullo,bhul
bhuleche,bhul
bhulchi,bhul
bhulle,bhul
bhuli,bhul
bhulchilen,bhul
bhulbi,bhul
bhulechie,bhul
bhulti,bhul
bhulechilo,bhul
bhullam,bhul
bhulchili,bhul
bhulcho,bhul
bhulekhen,bhul
bhule,bhul
bhulchilam,bhul
bhulacchilam,bhul
bhulale,bhul
bhulali,bhul
bhuliyechili,bhul
bhulaccho,bhul
bhuliyechil,bhul
bhuliyechi,bhul
bhulaten,bhul
bhulacchili,bhul
bhulate,bhul
bhuliyechis,bhul
bhulai,bhul
bhulalo,bhul
bhuliyechile,bhul
bhulay,bhul
bhulabe,bhul
bhulabi,bhul
bhulacche,bhul
bhulato,bhul
bhuliyeche,bhul
bhula,bhul
bhulalen,bhul
bhuliyechen,bhul
bhulatam,bhul
bhulacchi,bhul
bhulan,bhul
bhuliyechilam,bhul
bhulao,bhul
bhulas,bhul
bhulacchile,bhul
bhulalam,bhul
bhuliyechilen,bhul
rakhben,rakh
rekhechen,rakh
rekhechis,rakh
rakhis,rakh
rakhche,rakh
rakhten,rakh
rakhchilo,rakh
rekhechili,rakh
rekhecho,rakh
rakhchen,rakh
rakhchile,rakh
rakhta,rakh
rakhlen,rakh
rekhechi,rakh
rakhte,rakh
rakhchis,rakh
rakhen,rakh
rakhtam,rakh
rakhli,rakh
rekhechilam,rakh
rakh,rakh
rakhbe,rakh
rakhbo,rakh
rakhlo,rakh
rekheche,rakh
rakhchi,rakh
rakhle,rakh
rakhi,rakh
rakhchilen,rakh
rakhbi,rakh
rekhechile,rakh
rakhti,rakh
rekhechilo,rakh
rakhlam,rakh
rakhchili,rakh
rakhcho,rakh
rekhechilen,rakh
rakhe,rakh
rakhchilam,rakh
rakhachilo,rakh
rakhale,rakh
rakhali,rakh
rakhiyechili,rakh
rakhachcho,rakh
rakhiyachilo,rakh
rakhiyachi,rakh
rakhaten,rakh
rakhachili,rakh
rakhaite,rakh
rakhiyachis,rakh
rakhai,rakh
rakhalo,rakh
rakhiyachile,rakh
rakhay,rakh
rakhabe,rakh
rakhabi,rakh
rakhachche,rakh
rakhato,rakh
rakhiyeche,rakh
rakha,rakh
rakhalen,rakh
rakhiyechen,rakh
rakhatam,rakh
rakhachi,rakh
rakhan,rakh
rakhiyachilam,rakh
rakhaw,rakh
rakhas,rakh
rakhachile,rakh
rakhalam,rakh
rakhiyechilen,rakh
rakhaben,rakh
rakhachchen,rakh
rakhabo,rakh
rakhati,rakh
rakhachilen,rakh
rakhiyacho,rakh
rakhachchis,rakh
dhorben,dhor
dhorechen,dhor
dhorechis,dhor
dhoris,dhor
dhorche,dhor
dhorten,dhor
dhorchilo,dhor
dhorechili,dhor
dhorecho,dhor
dhorchen,dhor
dhorchile,dhor
dhorle,dhor
dhortam,dhor
dhorlen,dhor
dhorechi,dhor
dhorte,dhor
dhorchis,dhor
dhore,dhor
dhorli,dhor
dhorechilam,dhor
dhor,dhor
dhorbe,dhor
dhorbo,dhor
dhorlo,dhor
dhoreche,dhor
dhorchi,dhor
dhorchilen,dhor
dhorbi,dhor
dhorechile,dhor
dhorechilo,dhor
dhorchili,dhor
dhorcho,dhor
dhorechilen,dhor
dhorchilam,dhor
dhorachilo,dhor
dhorale,dhor
dhorali,dhor
dhoriyechili,dhor
dhorachcho,dhor
dhoriyechilo,dhor
dhoriyechi,dhor
dhorachili,dhor
dhoreite,dhor
dhoriyechis,dhor
dhorai,dhor
dhoralo,dhor
dhoriyechile,dhor
dhoray,dhor
dhorabe,dhor
dhorabi,dhor
dhorachche,dhor
dhoriyeche,dhor
dhora,dhor
dhoralen,dhor
dhoriyechilen,dhor
dhoriyechilam,dhor
dhorachi,dhor
dhoran,dhor
dhoraw,dhor
dhoras,dhor
dhorachchile,dhor
dhoralam,dhor
dhoraiben,dhor
dhorachchen,dhor
dhorabo,dhor
dhoratri,dhor
dhorachilen,dhor
dhoriyacho,dhor
dhorachchis,dhor
vhangben,vhang
vhengechen,vhang
vhengechis,vhang
vhangis,vhang
vhangche,vhang
vhangten,vhang
vhangchilo,vhang
vhengechilo,vhang
vhengeche,vhang
vhangchen,vhang
vhangchile,vhang
vhangto,vhang
vhanglen,vhang
vhengechi,vhang
vhangte,vhang
vhangchis,vhang
vhangen,vhang
vhangtam,vhang
vhangli,vhang
vhengechilam,vhang
vhang,vhang
vhangbe,vhang
vhangbo,vhang
vhanglo,vhang
vhangchi,vhang
vhangle,vhang
vhangi,vhang
vhangchilen,vhang
vhangbi,vhang
vhengechile,vhang
vhangiti,vhang
vhanglam,vhang
vhangchili,vhang
vhangcho,vhang
vhengechilen,vhang
vhange,vhang
vhangchilam,vhang
vhangachilam,vhang
vhangale,vhang
vhangali,vhang
vhangiyechil,vhang
vhangachcho,vhang
vhangiyeche,vhang
vhangiten,vhang
vhangachili,vhang
vhangite,vhang
vhangiyechis,vhang
vhangai,vhang
vhangalo,vhang
vhangiyechile,vhang
vhangay,vhang
vhangabe,vhang
vhangabi,vhang
vhangachche,vhang
vhangato,vhang
vhanga,vhang
vhangalen,vhang
vhangiyechen,vhang
vhangatam,vhang
vhangachchi,vhang
vhangaan,vhang
vhangiyechilam,vhang
vhangao,vhang
vhangas,vhang
vhangachchile,vhang
vhangalam,vhang
vhangiyechilen,vhang
vhangaben,vhang
vhangachchen,vhang
vhangabo,vhang
vhangati,vhang
vhangachilen,vhang
vhangiyecho,vhang
vhangachchis,vhang
vhangachilo,vhang
nivben,niv
nivechen,niv
nivechis,niv
nivis,niv
nivche,niv
nivten,niv
nivchilo,niv
nivechili,niv
nivecho,niv
nivchen,niv
nivchile,niv
nivto,niv
nivlen,niv
nivechi,niv
nivte,niv
nivchis,niv
niven,niv
nivtam,niv
nivli,niv
nivechilam,niv
niv,niv
nivbe,niv
nivbo,niv
nivlo,niv
niveche,niv
nivchi,niv
nivle,niv
nivi,niv
nivchilen,niv
nivbi,niv
nivechile,niv
nivti,niv
nivechilo,niv
nivlam,niv
nivchili,niv
nivcho,niv
nivechilen,niv
nive,niv
nivchilam,niv
nivachchilam,niv
nivale,niv
nivali,niv
niviyachili,niv
nivacho,niv
niviyachilo,niv
niviyechi,niv
nivaten,niv
nivachchili,niv
nivate,niv
niviyachis,niv
nivai,niv
nivalo,niv
niviyachile,niv
nivay,niv
nivabe,niv
nivabi,niv
nivachche,niv
niviyache,niv
niva,niv
nivalen,niv
niviyachen,niv
nivatam,niv
nivachchi,niv
nivan,niv
niviyachilam,niv
nivao,niv
nivas,niv
nivachchile,niv
nivalam,niv
niviyachilen,niv
nivaben,niv
nivachchen,niv
nivabo,niv
nivati,niv
nivachchilen,niv
niviyacho,niv
nivachchis,niv
nivachchilo,niv
churben,chur
churechen,chur
churechis,chur
churis,chur
churche,chur
churten,chur
churchilo,chur
churechili,chur
churecho,chur
churchen,chur
churchile,chur
churto,chur
churlen,chur
churechi,chur
churte,chur
churchis,chur
churen,chur
churtam,chur
churli,chur
churechilam,chur
chur,chur
churbo,chur
churlo,chur
chureche,chur
churchi,chur
churle,chur
churi,chur
churchilen,chur
churbi,chur
churechile,chur
churti,chur
churechilo,chur
churlam,chur
churchili,chur
churcho,chur
churechilen,chur
chure,chur
churchilam,chur
churachchilam,chur
churale,chur
churali,chur
churiyachili,chur
churacho,chur
churiyachilo,chur
churiyachi,chur
churatene,chur
churachchili,chur
churate,chur
churiyachis,chur
churai,chur
churalo,chur
churiyachile,chur
churay,chur
churabe,chur
churabi,chur
churachche,chur
churiyache,chur
chura,chur
churalen,chur
churiyachen,chur
churatam,chur
churachchi,chur
churan,chur
churiyachilam,chur
churao,chur
churas,chur
churachchile,chur
churalam,chur
churiyachilen,chur
churaben,chur
churachchen,chur
churabo,chur
churati,chur
churachchilen,chur
churiyacho,chur
churachchis,chur
churachchilo,chur
dakben,dak
dekechi,dak
dakis,dak
dakche,dak
dakten,dak
dakchilo,dak
dakchen,dak
dakchile,dak
dakto,dak
daklen,dak
dakte,dak
dakchis,dak
daken,dak
daktam,dak
dakli,dak
dak,dak
dakbe,dak
dakbo,dak
daklo,dak
dakchi,dak
dakle,dak
daki,dak
dakchilen,dak
dakbi,dak
dakti,dak
daklam,dak
dakchili,dak
dakcho,dak
dake,dak
dakchilam,dak
dakatam,dak
dakale,dak
dakali,dak
dakiyachili,dak
dakatene,dak
dakiyachilo,dak
dakiyachi,dak
dakate,dak
dakiyachis,dak
dakiyachile,dak
dakiyache,dak
dakalo,dak
dakiyachen,dak
dakiyan,dak
dakiyachilam,dak
dakao,dak
dakas,dak
dakachile,dak
dakalena,dak
dakiyachilen,dak
dakaben,dak
dakachen,dak
dakabo,dak
dakiyacho,dak
dakiyachchis,dak
akaben,aka
akechen,aka
akechis,aka
akais,aka
akache,aka
akatena,aka
akachilo,aka
akeechili,aka
akeecho,aka
akachen,aka
akachile,aka
akato,aka
akalena,aka
akechi,aka
akate,aka
akachis,aka
akena,aka
akatam,aka
akali,aka
akeechilam,aka
aka,aka
akabe,aka
akabo,aka
akalo,aka
akeche,aka
akachi,aka
akale,aka
aki,aka
akachilen,aka
akabi,aka
akeechile,aka
akati,aka
akeechilo,aka
akalam,aka
akachili,aka
akacho,aka
akeechilen,aka
akeya,aka
akachilam,aka
akachchilam,aka
akiyachili,aka
akiyachilo,aka
akiyachi,aka
akatene,aka
akachchili,aka
akiyachis,aka
akai,aka
akiyachile,aka
akay,aka
akachche,aka
akiyache,aka
akiyachen,aka
akachchi,aka
akan,aka
akiyachilam,aka
akao,aka
akas,aka
akachchile,aka
akiyachilen,aka
akachchen,aka
akachchilen,aka
akiyacho,aka
akachchis,aka
akachchilo,aka
atben,at
atechen,at
atechis,at
atis,at
atche,at
attben,at
atchilo,at
atechilam,at
atecho,at
atchen,at
atchile,at
att,at
atlen,at
atechi,at
atte,at
atchis,at
aten,at
attam,at
atli,at
at,at
atbe,at
atbo,at
atlo,at
ateche,at
atchi,at
atle,at
ati,at
atchilen,at
atbi,at
atechile,at
atti,at
atechil,at
atalam,at
atchili,at
atcho,at
atechilen,at
ate,at
atchilam,at
atachilam,at
atale,at
atali,at
atiyechili,at
atacho,at
atiyechil,at
atiyechi,at
ataten,at
atachili,at
atate,at
atiyechis,at
atai,at
atalo,at
atiyechile,at
atay,at
atabe,at
atabi,at
atache,at
atat,at
atiyeche,at
ata,at
atalen,at
atiyechen,at
atatam,at
atachi,at
atan,at
atiyechilam,at
atao,at
atas,at
atachile,at
atiyechilen,at
ataben,at
atachen,at
atabo,at
atati,at
atachilen,at
atiyecho,at
atachis,at
atachilo,at
othaben,otha
othechen,otha
othechis,otha
othais,otha
othache,otha
othaten,otha
othachilo,otha
othechilam,otha
othecho,otha
othachen,otha
othachile,otha
othato,otha
othalen,otha
othechi,otha
othate,otha
othachis,otha
othen,otha
othatam,otha
othali,otha
otha,otha
othabe,otha
othabo,otha
othalo,otha
otheche,otha
othachi,otha
othale,otha
othai,otha
othachilen,otha
othabi,otha
othechile,otha
othati,otha
othechilo,otha
othalam,otha
othachili,otha
othacho,otha
othechilen,otha
othe,otha
othachilam,otha
othiyechili,otha
othiyechil,otha
othiyechi,otha
othiyechis,otha
othiyechile,otha
othay,otha
othiyeche,otha
othiyechen,otha
othan,otha
othiyechilam,otha
othao,otha
othas,otha
othiyechilen,otha
othiyecho,otha
uthben,uth
uthesen,uth
uthechis,uth
uthis,uth
uthche,uth
uthten,uth
uthchilo,uth
uthetchili,uth
uthesho,uth
uthchen,uth
uthchile,uth
uthto,uth
uthlen,uth
uthechi,uth
uththe,uth
uthchisis,uth
uthen,uth
uthtam,uth
uthli,uth
uthetchilam,uth
uth,uth
uthbe,uth
uthbo,uth
uthlo,uth
uthese,uth
uthchi,uth
uthle,uth
uthi,uth
uthchilen,uth
uthbi,uth
uthetchile,uth
uthti,uth
uthetchilo,uth
uthlam,uth
uthchili,uth
uthcho,uth
utheten,uth
uthe,uth
uthchilam,uth
uthachchilam,uth
uthale,uth
uthali,uth
uthiyechili,uth
uthachcho,uth
uthiyechilo,uth
uthiyechi,uth
uthaten,uth
uthachchil,uth
uthiyechis,uth
uthai,uth
uthiyechile,uth
uthay,uth
uthabe,uth
uthabi,uth
uthachche,uth
uthato,uth
uthiyeche,uth
utha,uth
uthalen,uth
uthiyechen,uth
uthatam,uth
uthachchi,uth
uthan,uth
uthiyechilam,uth
uthao,uth
uthash,uth
uthachchile,uth
uthiyechilen,uth
uthaben,uth
uthachchen,uth
uthabo,uth
uthati,uth
uthiyecho,uth
uthachchis,uth
uthachchilo,uth
dorachchilam,dor
dorale,dor
dorali,dor
doriyechili,dor
dorachcho,dor
doriyechilo,dor
doriyechi,dor
doraten,dor
dorachchilo,dor
dorathe,dor
doriyechis,dor
dorai,dor
dorlo,dor
doriyechile,dor
doray,dor
dorabe,dor
dorabi,dor
dorachche,dor
dorato,dor
doriyeche,dor
dora,dor
doralen,dor
doriyechen,dor
doratam,dor
dorachchi,dor
doran,dor
doriyechilam,dor
dorao,dor
dorash,dor
dorachchile,dor
dorlam,dor
doriyechilen,dor
doraben,dor
dorachchen,dor
dorabo,dor
dorati,dor
doriyecho,dor
dorachchis,dor
jhimachchilam,jhim
jhimale,jhim
jhimali,jhim
jhimiyechili,jhim
jhimachcho,jhim
jhimiyechilo,jhim
jhimiyechi,jhim
jhimaten,jhim
jhimachchilo,jhim
jhimate,jhim
jhimiyechis,jhim
jhimai,jhim
jhimalo,jhim
jhimiyechile,jhim
jhimay,jhim
jhimabe,jhim
jhimabi,jhim
jhimachche,jhim
jhimato,jhim
jhimiyache,jhim
jhuma,jhim
jhimalen,jhim
jhimiyachen,jhim
jhimatam,jhim
jhimachchi,jhim
jhiman,jhim
jhimiyechilam,jhim
jhimao,jhim
jhimash,jhim
jhimachchile,jhim
jhimalam,jhim
jhimiyachilen,jhim
jhimaben,jhim
jhimachchen,jhim
jhimabo,jhim
jhimati,jhim
jhimachchilen,jhim
jhimiyechesh,jhim
jhimachchis,jhim
ghumachchilam,ghum
ghumale,ghum
ghumali,ghum
ghumiyechili,ghum
ghumachcho,ghum
ghumiyechilo,ghum
ghumiyechi,ghum
ghumaten,ghum
ghumachchili,ghum
ghumate,ghum
ghumiyechis,ghum
ghumai,ghum
ghumalo,ghum
ghumiyechile,ghum
ghumay,ghum
ghumabe,ghum
ghumabi,ghum
ghumachche,ghum
ghumato,ghum
ghumiyache,ghum
ghuma,ghum
ghumalen,ghum
ghumiyachen,ghum
ghumatam,ghum
ghumachchi,ghum
ghuman,ghum
ghumiyechilam,ghum
ghumao,ghum
ghumash,ghum
ghumachchile,ghum
ghumalam,ghum
ghumiyachilen,ghum
ghumaben,ghum
ghumachchen,ghum
ghumabo,ghum
ghumati,ghum
ghumachchilen,ghum
ghumiyechesh,ghum
ghumachchis,ghum
ghumachchilo,ghum
calachchilam,cal
calale,cal
calali,cal
caliyecchili,cal
calachcho,cal
caliyecchilo,cal
caliyecchi,cal
calaten,cal
calachchili,cal
calate,cal
caliyecchis,cal
calai,cal
calalo,cal
caliyecchile,cal
calay,cal
calabe,cal
calabi,cal
calachche,cal
calato,cal
caliyache,cal
cala,cal
calalen,cal
caliyachen,cal
calatam,cal
calachchi,cal
calan,cal
caliyecchilam,cal
calao,cal
calas,cal
calachchile,cal
calalam,cal
caliyecchilen,cal
calaben,cal
calachchen,cal
calabo,cal
calati,cal
calachchilen,cal
caliyecches,cal
calachchis,cal
calachchilo,cal
thamachchilam,tham
thamale,tham
thamali,tham
thamiyechili,tham
thamachcho,tham
thamiyechilo,tham
thamiyechi,tham
thamaten,tham
thamachchili,tham
thamate,tham
thamiyechis,tham
thamai,tham
thamalo,tham
thamiyechile,tham
thamay,tham
thamabe,tham
thamabi,tham
thamachche,tham
thamato,tham
thamiyeche,tham
thama,tham
thamalen,tham
thamiyechen,tham
thamatam,tham
thamachchi,tham
thaman,tham
thamiyechilam,tham
thamao,tham
thamas,tham
thamachchile,tham
thamalam,tham
thamiyechilen,tham
thamaben,tham
thamachchen,tham
thamabo,tham
thamati,tham
thamachchilen,tham
thamiyeches,tham
thamachchis,tham
thamachchilo,tham
kamachchilam,kam
kamale,kam
kamali,kam
kamiyechili,kam
kamachcho,kam
kamiyechilo,kam
kamiyechi,kam
kamaten,kam
kamachchili,kam
kamate,kam
kamiyechis,kam
kamai,kam
kamalo,kam
kamiyechile,kam
kamay,kam
kamabe,kam
kamabi,kam
kamachche,kam
kamato,kam
kamiyeche,kam
kama,kam
kamalen,kam
kamiyechen,kam
kamatam,kam
kamachchi,kam
kaman,kam
kamiyechilam,kam
kamao,kam
kamas,kam
kamachchile,kam
kamalam,kam
kamiyechilen,kam
kamaben,kam
kamachchen,kam
kamab,kam
kamati,kam
kamachchilen,kam
kamiyeches,kam
kamachchis,kam
kamachchilo,kam
thekachchilam,thek
thekale,thek
thekali,thek
thekiyechili,thek
thekachcho,thek
thekiyechilo,thek
thekiyechi,thek
thekaten,thek
thekachchili,thek
thekate,thek
thekiyechis,thek
thekai,thek
thekalo,thek
thekiyechile,thek
thekay,thek
thekabe,thek
thekabi,thek
thekachche,thek
thekato,thek
thekiyeche,thek
theka,thek
thekalen,thek
thekiyechen,thek
thekatam,thek
thekachchi,thek
thekan,thek
thekiyechilam,thek
thekao,thek
thekas,thek
thekachchile,thek
thekalam,thek
thekiyechilen,thek
thekaben,thek
thekachchen,thek
thekabo,thek
thekati,thek
thekachchilen,thek
thekiyeches,thek
thekachchis,thek
thekachchilo,thek
pitachchilam,pit
pitale,pit
pitali,pit
pitiyechili,pit
pitachcho,pit
pitiyechilo,pit
pitiyechi,pit
pitaten,pit
pitachchili,pit
pitiyechis,pit
pitai,pit
pitalo,pit
pitiyechile,pit
pitay,pit
pitabe,pit
pitabi,pit
pitachche,pit
pitato,pit
pitiyeche,pit
pita,pit
pitalen,pit
pitiyechen,pit
pitatam,pit
pitachchi,pit
pitan,pit
pitiyechilam,pit
pitao,pit
pitas,pit
pitachchile,pit
pitalam,pit
pitiyechilen,pit
pitaben,pit
pitachchen,pit
pitab,pit
pitati,pit
pitachchilen,pit
pitiyeches,pit
pitachchis,pit
pitachchilo,pit
kilachchilam,kil
kilale,kil
kilali,kil
kiliyechili,kil
kilachcho,kil
kiliyechilo,kil
kiliyechi,kil
kilaten,kil
kilachchili,kil
kilate,kil
kiliyechis,kil
kilai,kil
kilalo,kil
kiliyechile,kil
kilay,kil
kilabe,kil
kilabi,kil
kilachche,kil
kilato,kil
kiliyeche,kil
kila,kil
kilalen,kil
kiliyechen,kil
kilatam,kil
kilachchi,kil
kilan,kil
kiliyechilam,kil
kilao,kil
kilas,kil
kilachchile,kil
kilalam,kil
kiliyechilen,kil
kilaben,kil
kilachchen,kil
kilabo,kil
kilati,kil
kilachchilen,kil
kiliyeches,kil
kilachchis,kil
kilachchilo,kil
ghushachchilam,ghush
ghushale,ghush
ghushali,ghush
ghushiyechili,ghush
ghushachcho,ghush
ghushiyechilo,ghush
ghushiyechi,ghush
ghushaten,ghush
ghushachchili,ghush
ghushate,ghush
ghushiyechis,ghush
ghushai,ghush
ghushalo,ghush
ghushiyechile,ghush
ghushay,ghush
ghushabe,ghush
ghushabi,ghush
ghushachche,ghush
ghushato,ghush
ghushiyeche,ghush
ghusha,ghush
ghushalen,ghush
ghushiyechen,ghush
ghushatam,ghush
ghushachchi,ghush
ghushan,ghush
ghushiyechilam,ghush
ghushao,ghush
ghushas,ghush
ghushachchile,ghush
ghushalam,ghush
ghushiyechilen,ghush
ghushaben,ghush
ghushachchen,ghush
ghushabo,ghush
ghushati,ghush
ghushachchilen,ghush
ghushiyeches,ghush
ghushachchis,ghush
ghushachchilo,ghush
porachchilam,por
porachcho,por
porachchili,por
porachche,por
porachchi,por
porachchile,por
porachchen,por
porachchilen,por
poriyeches,por
porachchis,por
porachchilo,por
agachchilam,ag
agale,ag
agali,ag
agiyechili,ag
agachcho,ag
agiyechilo,ag
agiyechi,ag
agaten,ag
agachchili,ag
agate,ag
agiyechis,ag
agai,ag
agalo,ag
agiyechile,ag
agay,ag
agabe,ag
agabi,ag
agachche,ag
agato,ag
agiyeche,ag
aga,ag
agalen,ag
agiyechen,ag
agatam,ag
agachchi,ag
agan,ag
agiyechilam,ag
agao,ag
agas,ag
agachchile,ag
agalam,ag
agiyechilen,ag
agaben,ag
agachchen,ag
agab,ag
agati,ag
agachchilen,ag
agiyeches,ag
agachchis,ag
agachchilo,ag
atkachchilam,atk
atkale,atk
atkali,atk
atkiyechili,atk
atkachcho,atk
atkiyechilo,atk
atkiyechi,atk
atkaten,atk
atkachchili,atk
atkate,atk
atkiyechis,atk
atkai,atk
atkalp,atk
atkiyechile,atk
atkay,atk
atkabe,atk
atkabi,atk
atkachche,atk
atkato,atk
atkiyeche,atk
atka,atk
atkalen,atk
atkiyechen,atk
atkatam,atk
atkachchi,atk
atkan,atk
atkiyechilam,atk
atkao,atk
atkas,atk
atkachchile,atk
atkalam,atk
atkiyechilen,atk
atkaben,atk
atkachchen,atk
atkabo,atk
atkati,atk
atkachchilen,atk
atkiyeches,atk
atkachchis,atk
atkachchilo,atk
tomader,tomar
poribarer,poribar
ovishapke,ovishap
nanur,nana
kukurer,kukur
desher,desh
citao,cita
dudiner,din
onahari,onahar
kukurder,kukur
vule,vul
boner,bon
jibonta,jibon
obosthane,obosthan
shohore,shohor
tomake,tomar
ekhuni,ekhon
barir,bari
dhoroner,dhoron
sontrasi,sontras
udbeger,udbeg
bondukdhari,bonduk
nicey,nice
marte,mar
nijeke,nij
apnio,apni
songghate,songghat
bidrohira,birdroh
deshtir,desh
bideshe,desh
arale,aral
deshgulor,desh
colche,col
barita,bari
somoye,somoy
jegulo,je
diner,din
raater,raat
dirghdin,din
roptainite,roptani
bangladesher,bangladesh
ghare,ghar
somye,somoy
deshti,desh
bangladeshke,bangladesh
thakar,thaka
nah,na
ghamchi,gham
voyer,voy
aschilo,asha
neme,nama
kachei,kache
khule,khula
mukher,mukh
bahirer,bahir
felchilo,fela
bajarer,bajar
haracchen,hara
osthirta,osthir
hater,hat
takar,taka
amaro,amar
manobjatir,manobjati
bacte,baca
bece,baca
parbe,para
dure,dur
thakuk,thaka
voye,voy
bacao,baca
amari,amar
kothar,kotha
citkare,citkar
jonggole,jonggol
giyechilam,jaoya
diyeche,deoya
diye,deoya
dilo,deoa
dibe,deoya
dekhiye,dekh
asle,asha
voyongkor,voy
shorirer,shorir
jonggler,jonggol
niyeche,neoya
pechone,pechon
hatar,hat
patar,pata
pichone,pechon
manusher,manush
shonar,shun
cokhe,chok
mukhe,mukh
esechilo,asha
pakistane,pakistan
viti,voy
vye,voy
lafiye,laf
korchil,kor
amarto,amar
korar,kor
korob,kor
korechil,kor
koro,kor
korol,kor
korun,kor
koreo,kor
korena,kor
korlei,kor
koreni,kor
korei,kor
kortei,kor
korbena,kor
korini,kor
koreniborong,kor
kortechi,kor
korchenna,kor
kortechen,kor
korata,kor
korbar,kor
korenni,kor
korlenabar,kor
korise,kor
ni,na
nai,na
amio,ami
amra,amar
amake,amar
amii,ami
gel,jaoya
geche,jaoya
geleo,jaoya
jaoyar,jaoya
giyeche,jaoya
gechi,jaoya
giyechil,jaoya
gechen,jaoya
jaykoto,jaoya
jayna,jaoya
jaytar,jaoya
gecho,jaoya
asche,asha
jayni,jaoya
esechi,asha
jaykintu,jaoya
gech,jaoya
gechilam,jaoya
jaoyay,jaoya
gecheto,jaoya
jaba,jaoya
jaoyate,jaoya
gese,jaoya
jaoyatao,jaoya
jayjokhon,jaoya
naki,ki
kina,ki
kiser,ki
kivabe,ki
bolteche,bol
bollen,bol
bollei,bol
bolenni,bol
boleni,bol
bolar,bol
bolto,bol
bolechon,bol
boltechen,bol
bolchese,bol
bolo,bol
bolbea,bol
bollo,bol
bolun,bol
bolleo,bol
bolish,bol
dekhar,dekh
dekhei,dekh
dekhichi,dekh
dekhen,dekh
dekhechon,dekh
dekhena,dekh
dekhina,dekh
nei,na
valo,val
valoi,val
balo,val
dhonjbad,dhonnobad
dhonoybad,dhonnobad
dhonjorbad,dhonnobad
dhonjabad,dhonnobad
alhamdulillahdhonbad,dhonnobad
dhonjobad,dhonnobad
pryojondhonjbad,dhonnobad
jonjoodhonjbad,dhonnobad
nonjbad,dhonnobad
dhonjbadhafej ,dhonnobad
dekben,dekh
agedhonjbad,dhonnobad
dhonjbadalla,dhonnobad
dhonjbadkajol,dhonnobad
oallah,allah
allahorobbul,allah
allahor,allah
vogban,allah
alla,allah
srishtikorta,allah
allaho,allah
allahpak,allah
alloh,allah
alamin,allah
naallah,allah
allahu,allah
ishbor,allah
allahtala,allah
prvu,allah
sondor,shundor
sundor,shundor
sundorvabe,shundor
voyngokor,voy
sundorar,shundor
sundur,shundor
sondur,shundor
ganta,gan
gangulo,gan
ganti,gan
eigan,gan
ganer,gan
gane,gan
ganguli,gan
gantai,gan
ganei,gan
gantar,gan
valvabe,val
natokta,natok
natoke,natok
natokti,natok
ekek,ek
koyek,ek
priyo,priy
prio,priy
manushke,manush
manushder,manush
manushi,manush
lok,manush
jonogonra,jonogon
manushta,manush
pablik,jonogon
manushgulo,manush
manushtake,manush
jonogogon,jonogon
omanush,manush
jonogonder,jonogon
lokder,manush
manushti,manush
jonogner,jonogon
loker,manush
jonognero,jonogon
manushera,manush
jonogonke,jonogon
jonogno,jonogon
amrai,amar
bangladeshe,bangladesh
amader,amar
pulishke,polish
pulisher,polish
bicari,bichar
bicarok,bichar
bicarer,bichar
bicaro,bichar
bicar,bichar
deshe,desh
saja,bichar
sorkarer,sorkar
sorkarke,sorkar
ovak,obak
